<?xml version="1.0" encoding="UTF-8"?>
<project-private xmlns="http://www.netbeans.org/ns/project-private/1">
    <editor-bookmarks xmlns="http://www.netbeans.org/ns/editor-bookmarks/2" lastBookmarkId="0"/>
    <open-files xmlns="http://www.netbeans.org/ns/projectui-open-files/2">
        <group>
            <file>file:/Users/atttlla/Desktop/4Gewinnt/src/game/GUI.java</file>
            <file>file:/Users/atttlla/Desktop/4Gewinnt/src/vier_gewinnt/RED.java</file>
            <file>file:/Users/atttlla/Desktop/4Gewinnt/src/vier_gewinnt/START.java</file>
            <file>file:/Users/atttlla/Desktop/4Gewinnt/src/vier_gewinnt/GAME.java</file>
            <file>file:/Users/atttlla/Desktop/4Gewinnt/src/pictures/arrow.png</file>
            <file>file:/Users/atttlla/Desktop/4Gewinnt/src/pictures/blackCircle.png</file>
            <file>file:/Users/atttlla/Desktop/4Gewinnt/src/vier_gewinnt/BLUE.java</file>
        </group>
    </open-files>
</project-private>
